user_id,record_date,service_type,record_text,special_notes,staff_id
A001,2026-06-05,身体介護,訪問時、先週分の薬が数日分残っており、本人への確認だけでは服薬状況を把握できなかった。,,ST01
A001,2026-06-12,身体介護,会話の中で、同じ質問を何度も繰り返す場面が見られた。,,ST01
A001,2026-06-19,身体介護,前回に引き続き、服薬状況の確認が必要な状態が続いている。,もの忘れが増えたのではとの声があった。,ST02
B001,2026-06-06,身体介護,交換時に、以前は自分で体を支えて協力できていたが、今回は交換時に痛みを訴える場面があった。,,ST03
B001,2026-06-13,身体介護,臀部に発赤が見られ、交換の間隔を短くして対応した。,,ST03
C001,2026-06-11,身体介護,食後の口腔ケアを拒否する場面が見られた。,,ST04
C001,2026-06-18,身体介護,特記事項なし。いつも通り過ごされていた。,,ST04
D001,2026-06-07,身体介護,いつも通り穏やかに過ごされていた。食事・水分ともに良好に摂取されている。,,ST01
D001,2026-06-14,身体介護,特記事項なし。会話も落ち着いており、変化は見られない。,,ST01
